name,population_size,cores,total_time_seconds,avg_step_time_ms,throughput_agents_per_sec,peak_memory_mb
Weak-1Core,10000,1,13.11111111111111,262.2222222222222,38135.59322033898,50.0
Weak-2Core,20000,2,13.11111111111111,262.2222222222222,76271.18644067796,100.0
Weak-4Core,40000,4,14.5,290.0,137931.0344827586,200.0
Weak-8Core,80000,8,14.5,290.0,275862.0689655172,400.0
Strong-1Core,100000,1,113.11111111111111,2262.222222222222,44204.322200392926,500.0
Strong-2Core,100000,2,57.55555555555556,1151.111111111111,86872.58687258686,500.0
Strong-4Core,100000,4,33.25,665.0,150375.93984962406,500.0
Strong-8Core,100000,8,17.625,352.5,283687.94326241134,500.0
